-- Enhanced CPU DML statements with extracted specifications

INSERT INTO cpus (id, cpu_model, core_count, thread_count, base_clock_ghz, boost_clock_ghz, cache_mb, brand) 
VALUES ('cpu_1', 'AMD Ryzen™ 7 H 255 (3.8 GHz up to 4.9 GHz, 8 Cores, 16 Threads, 16MB Cache)', 8, 16, 3.80, 4.90, 16.0, 'AMD');

INSERT INTO cpus (id, cpu_model, core_count, thread_count, base_clock_ghz, boost_clock_ghz, cache_mb, brand) 
VALUES ('cpu_2', 'AMD Ryzen™ 7 H 255 (3.8 GHz up to 4.9 GHz, 8 Cores, 16 Threads, 16MB Cache)', 8, 16, 3.80, 4.90, 16.0, 'AMD');

INSERT INTO cpus (id, cpu_model, core_count, thread_count, base_clock_ghz, boost_clock_ghz, cache_mb, brand) 
VALUES ('cpu_3', 'AMD Ryzen AI 7 H 350 (8 nhân 16 luồng, xung nhịp cơ bản ~2GHz, tối đa có thể đạt ~5GHz, 8MB L2 Cache, 16MB L3 Cache, default TDP 28W, 4nm, Zen 5)', 8, 16, 2.00, 5.00, 24.0, 'AMD');

INSERT INTO cpus (id, cpu_model, core_count, thread_count, base_clock_ghz, boost_clock_ghz, cache_mb, brand) 
VALUES ('cpu_4', 'AMD Ryzen 7 H 260 (8 nhân 16 luồng, xung nhịp cơ bản ~2GHz, tối đa có thể đạt ~5.1GHz, 16 Tops NPU)', 8, 16, 2.00, 5.10, NULL, 'AMD');

INSERT INTO cpus (id, cpu_model, core_count, thread_count, base_clock_ghz, boost_clock_ghz, cache_mb, brand) 
VALUES ('cpu_5', 'AMD Ryzen 7 H 260 (8 nhân 16 luồng, xung nhịp cơ bản ~2GHz, tối đa có thể đạt ~5.1GHz, 16 Tops NPU)', 8, 16, 2.00, 5.10, NULL, 'AMD');

INSERT INTO cpus (id, cpu_model, core_count, thread_count, base_clock_ghz, boost_clock_ghz, cache_mb, brand) 
VALUES ('cpu_6', 'Intel Core Ultra 5-225H (14 nhân 14 luồng, xung nhịp tối đa với Turbo Boost tới 4.9GHz, 18 MB Cache)', 14, 14, NULL, 4.90, 18.0, 'Intel');

INSERT INTO cpus (id, cpu_model, core_count, thread_count, base_clock_ghz, boost_clock_ghz, cache_mb, brand) 
VALUES ('cpu_7', 'Intel Core Ultra 7 255HX (20 nhân (gồm 8 nhân P và 12 nhân E) 20 luồng, xung nhịp cơ bản từ 1.8GHz có thể đạt max với turbo boost lên tới 5.2GHz, 36MB Cache)', 20, 20, 1.80, 5.20, 36.0, 'Intel');

INSERT INTO cpus (id, cpu_model, core_count, thread_count, base_clock_ghz, boost_clock_ghz, cache_mb, brand) 
VALUES ('cpu_8', 'Intel® Core™ Ultra 9 285H (16 nhân, 16 luồng, xung nhịp có thể đạt tới 5.4GHz với turbo boost, 24 MB Intel® Smart Cache) Intel AI Boost', 16, 16, NULL, 5.40, 24.0, 'Intel');

INSERT INTO cpus (id, cpu_model, core_count, thread_count, base_clock_ghz, boost_clock_ghz, cache_mb, brand) 
VALUES ('cpu_9', 'AMD Ryzen 9 8945HX (16 nhân 32 luồng, xung nhịp cơ bản 2.5GHz có thể đạt tới 5.4GHz đơn nhân với turbo boost, 16MB L2 Cache, 64MB L3 Cache, default TDP 55W)', 16, 32, 2.50, 5.40, 80.0, 'AMD');

INSERT INTO cpus (id, cpu_model, core_count, thread_count, base_clock_ghz, boost_clock_ghz, cache_mb, brand) 
VALUES ('cpu_10', 'AMD Ryzen 9 8945HX (16 nhân 32 luồng, xung nhịp cơ bản 2.5GHz có thể đạt tới 5.4GHz đơn nhân với turbo boost, 16MB L2 Cache, 64MB L3 Cache, default TDP 55W)', 16, 32, 2.50, 5.40, 80.0, 'AMD');

INSERT INTO cpus (id, cpu_model, core_count, thread_count, base_clock_ghz, boost_clock_ghz, cache_mb, brand) 
VALUES ('cpu_11', 'AMD Ryzen 9 8945HX (16 nhân 32 luồng, xung nhịp cơ bản 2.5GHz có thể đạt tới 5.4GHz đơn nhân với turbo boost, 16MB L2 Cache, 64MB L3 Cache, default TDP 55W)', 16, 32, 2.50, 5.40, 80.0, 'AMD');

INSERT INTO cpus (id, cpu_model, core_count, thread_count, base_clock_ghz, boost_clock_ghz, cache_mb, brand) 
VALUES ('cpu_12', 'Intel Core Ultra 7 255HX (20 nhân (gồm 8 nhân P và 12 nhân E) 20 luồng, xung nhịp cơ bản từ 1.8GHz có thể đạt max với turbo boost lên tới 5.2GHz, 36MB Cache)', 20, 20, 1.80, 5.20, 36.0, 'Intel');

INSERT INTO cpus (id, cpu_model, core_count, thread_count, base_clock_ghz, boost_clock_ghz, cache_mb, brand) 
VALUES ('cpu_13', 'Intel Core Ultra 9 275HX (24 nhân (gồm 8 nhân P và 16 nhân E) 24 luồng, xung nhịp cơ bản từ 2.1GHz có thể đạt max với turbo boost lên tới 5.4GHz, 36MB Cache)', 24, 24, 2.10, 5.40, 36.0, 'Intel');

INSERT INTO cpus (id, cpu_model, core_count, thread_count, base_clock_ghz, boost_clock_ghz, cache_mb, brand) 
VALUES ('cpu_14', 'Intel Core Ultra 9 275HX (24 nhân (gồm 8 nhân P và 16 nhân E) 24 luồng, xung nhịp cơ bản từ 2.1GHz có thể đạt max với turbo boost lên tới 5.4GHz, 36MB Cache)', 24, 24, 2.10, 5.40, 36.0, 'Intel');

INSERT INTO cpus (id, cpu_model, core_count, thread_count, base_clock_ghz, boost_clock_ghz, cache_mb, brand) 
VALUES ('cpu_15', 'Intel Core Ultra 9 275HX (24 nhân (gồm 8 nhân P và 16 nhân E) 24 luồng, xung nhịp cơ bản từ 2.1GHz có thể đạt max với turbo boost lên tới 5.4GHz, 36MB Cache)', 24, 24, 2.10, 5.40, 36.0, 'Intel');

INSERT INTO cpus (id, cpu_model, core_count, thread_count, base_clock_ghz, boost_clock_ghz, cache_mb, brand) 
VALUES ('cpu_16', 'Intel Core Ultra 9 275HX (24 nhân (gồm 8 nhân P và 16 nhân E) 24 luồng, xung nhịp cơ bản từ 2.1GHz có thể đạt max với turbo boost lên tới 5.4GHz, 36MB Cache)', 24, 24, 2.10, 5.40, 36.0, 'Intel');

INSERT INTO cpus (id, cpu_model, core_count, thread_count, base_clock_ghz, boost_clock_ghz, cache_mb, brand) 
VALUES ('cpu_17', 'Intel® Core™ Ultra 9 285H (16 nhân, 16 luồng, xung nhịp có thể đạt tới 5.4GHz với turbo boost, 24 MB Intel® Smart Cache) Intel AI Boost', 16, 16, NULL, 5.40, 24.0, 'Intel');

INSERT INTO cpus (id, cpu_model, core_count, thread_count, base_clock_ghz, boost_clock_ghz, cache_mb, brand) 
VALUES ('cpu_18', 'Intel Core Ultra 9 275HX (24 nhân (gồm 8 nhân P và 16 nhân E) 24 luồng, xung nhịp cơ bản từ 2.1GHz có thể đạt max với turbo boost lên tới 5.4GHz, 36MB Cache)', 24, 24, 2.10, 5.40, 36.0, 'Intel');

INSERT INTO cpus (id, cpu_model, core_count, thread_count, base_clock_ghz, boost_clock_ghz, cache_mb, brand) 
VALUES ('cpu_19', 'AMD Ryzen AI 7 H 350 (8 nhân 16 luồng, xung nhịp cơ bản ~2GHz, tối đa có thể đạt ~5GHz, 8MB L2 Cache, 16MB L3 Cache, default TDP 28W, 4nm, Zen 5)', 8, 16, 2.00, 5.00, 24.0, 'AMD');

INSERT INTO cpus (id, cpu_model, core_count, thread_count, base_clock_ghz, boost_clock_ghz, cache_mb, brand) 
VALUES ('cpu_20', 'AMD Ryzen 7 H 255 (8 nhân 16 luồng, xung nhịp cơ bản 3.8GHz có thể đạt tới 4.9GHz đơn nhân với turbo boost, 8MB L2 Cache, 16MB L3 Cache, default TDP 45W)', 8, 16, 3.80, 4.90, 24.0, 'AMD');

INSERT INTO cpus (id, cpu_model, core_count, thread_count, base_clock_ghz, boost_clock_ghz, cache_mb, brand) 
VALUES ('cpu_21', 'Intel Core i7-13650HX (14 nhân 20 luồng, xung nhịp có thể đạt tới 4.9GHz đơn nhân với turbo boost, 24MB Cache, default TDP 55W)', 14, 20, NULL, 4.90, 24.0, 'Intel');

INSERT INTO cpus (id, cpu_model, core_count, thread_count, base_clock_ghz, boost_clock_ghz, cache_mb, brand) 
VALUES ('cpu_22', 'Intel Core i7 14650HX (16 nhân 24 luồng, xung nhịp có thể đạt tối đa 5.2GHz với Turbo boost, 30MB Intel® Smart Cache)', 16, 24, NULL, 5.20, 30.0, 'Intel');

INSERT INTO cpus (id, cpu_model, core_count, thread_count, base_clock_ghz, boost_clock_ghz, cache_mb, brand) 
VALUES ('cpu_23', 'AMD Ryzen 9 8940HX (16 nhân 32 luồng, xung nhịp cơ bản 2.5GHz có thể đạt tới 5.3GHz đơn nhân với turbo boost, 16MB L2 Cache, 64MB L3 Cache, default TDP 55W)', 16, 32, 2.50, 5.30, 80.0, 'AMD');

INSERT INTO cpus (id, cpu_model, core_count, thread_count, base_clock_ghz, boost_clock_ghz, cache_mb, brand) 
VALUES ('cpu_24', 'AMD Ryzen 9 8945HX (16 nhân 32 luồng, xung nhịp cơ bản 2.5GHz có thể đạt tới 5.4GHz đơn nhân với turbo boost, 16MB L2 Cache, 64MB L3 Cache, default TDP 55W)', 16, 32, 2.50, 5.40, 80.0, 'AMD');

INSERT INTO cpus (id, cpu_model, core_count, thread_count, base_clock_ghz, boost_clock_ghz, cache_mb, brand) 
VALUES ('cpu_25', 'Intel Core i7 14650HX (16 nhân 24 luồng, xung nhịp có thể đạt tối đa 5.2GHz với Turbo boost, 30MB Intel® Smart Cache)', 16, 24, NULL, 5.20, 30.0, 'Intel');

INSERT INTO cpus (id, cpu_model, core_count, thread_count, base_clock_ghz, boost_clock_ghz, cache_mb, brand) 
VALUES ('cpu_26', 'Intel Core i9 14900HX (24 nhân 32 luồng, xung nhịp có thể đạt tới 5.8GHz với turbo boost, 36MB Intel® Smart Cache)', 24, 32, NULL, 5.80, 36.0, 'Intel');

INSERT INTO cpus (id, cpu_model, core_count, thread_count, base_clock_ghz, boost_clock_ghz, cache_mb, brand) 
VALUES ('cpu_27', 'AMD Ryzen 9 8945HX (16 nhân 32 luồng, xung nhịp cơ bản 2.5GHz có thể đạt tới 5.4GHz đơn nhân với turbo boost, 16MB L2 Cache, 64MB L3 Cache, default TDP 55W-120w)', 16, 32, 2.50, 5.40, 80.0, 'AMD');

INSERT INTO cpus (id, cpu_model, core_count, thread_count, base_clock_ghz, boost_clock_ghz, cache_mb, brand) 
VALUES ('cpu_28', 'AMD Ryzen 9 8945HX (16 nhân 32 luồng, xung nhịp cơ bản 2.5GHz có thể đạt tới 5.4GHz đơn nhân với turbo boost, 16MB L2 Cache, 64MB L3 Cache, default TDP 55W-120w)', 16, 32, 2.50, 5.40, 80.0, 'AMD');

INSERT INTO cpus (id, cpu_model, core_count, thread_count, base_clock_ghz, boost_clock_ghz, cache_mb, brand) 
VALUES ('cpu_29', 'Intel Core Ultra 9 275HX (24 nhân (gồm 8 nhân P và 16 nhân E) 24 luồng, xung nhịp cơ bản từ 2.1GHz có thể đạt max với turbo boost lên tới 5.4GHz, 36MB Cache)', 24, 24, 2.10, 5.40, 36.0, 'Intel');

INSERT INTO cpus (id, cpu_model, core_count, thread_count, base_clock_ghz, boost_clock_ghz, cache_mb, brand) 
VALUES ('cpu_30', 'Intel Core Ultra 9 275HX (24 nhân (gồm 8 nhân P và 16 nhân E) 24 luồng, xung nhịp cơ bản từ 2.1GHz có thể đạt max với turbo boost lên tới 5.4GHz, 36MB Cache)', 24, 24, 2.10, 5.40, 36.0, 'Intel');

INSERT INTO cpus (id, cpu_model, core_count, thread_count, base_clock_ghz, boost_clock_ghz, cache_mb, brand) 
VALUES ('cpu_31', 'Intel Core Ultra 5-225H (14 nhân 14 luồng, xung nhịp tối đa với Turbo Boost tới 4.9GHz, 18 MB Cache)', 14, 14, NULL, 4.90, 18.0, 'Intel');

INSERT INTO cpus (id, cpu_model, core_count, thread_count, base_clock_ghz, boost_clock_ghz, cache_mb, brand) 
VALUES ('cpu_32', 'Intel® Core™ Ultra 9 285H (16 nhân, 16 luồng, xung nhịp có thể đạt tới 5.4GHz với turbo boost, 24 MB Intel® Smart Cache) Intel AI Boost', 16, 16, NULL, 5.40, 24.0, 'Intel');

INSERT INTO cpus (id, cpu_model, core_count, thread_count, base_clock_ghz, boost_clock_ghz, cache_mb, brand) 
VALUES ('cpu_33', 'Intel Core Ultra 9 288V (8nhân (gồm 4 nhân P và 4 nhân E) 8 luồng, xung nhịp cơ bản từ 3.3GHz có thể đạt max P-core với turbo boost tới 5.1GHz, 12 MB Intel® Smart Cache)', 8, 8, 3.30, 5.10, 12.0, 'Intel');

INSERT INTO cpus (id, cpu_model, core_count, thread_count, base_clock_ghz, boost_clock_ghz, cache_mb, brand) 
VALUES ('cpu_34', 'Intel Core Ultra 7 258V 32GB (8nhân (gồm 4 nhân P và 4 nhân E) 8 luồng, xung nhịp cơ bản từ 2.2GHz có thể đạt max P-core với turbo boost tới 4.8GHz, 12 MB Intel® Smart Cache)', 8, 8, 2.20, 4.80, 12.0, 'Intel');

INSERT INTO cpus (id, cpu_model, core_count, thread_count, base_clock_ghz, boost_clock_ghz, cache_mb, brand) 
VALUES ('cpu_35', 'Intel Core Ultra 9 275HX (24 nhân (gồm 8 nhân P và 16 nhân E) 24 luồng, xung nhịp cơ bản từ 2.1GHz có thể đạt max với turbo boost lên tới 5.4GHz, 36MB Cache)', 24, 24, 2.10, 5.40, 36.0, 'Intel');

INSERT INTO cpus (id, cpu_model, core_count, thread_count, base_clock_ghz, boost_clock_ghz, cache_mb, brand) 
VALUES ('cpu_36', 'Intel Core Ultra 9 275HX (24 nhân (gồm 8 nhân P và 16 nhân E) 24 luồng, xung nhịp cơ bản từ 2.1GHz có thể đạt max với turbo boost lên tới 5.4GHz, 36MB Cache)', 24, 24, 2.10, 5.40, 36.0, 'Intel');

INSERT INTO cpus (id, cpu_model, core_count, thread_count, base_clock_ghz, boost_clock_ghz, cache_mb, brand) 
VALUES ('cpu_37', 'Ryzen 7 8745HS (8 cores x 16 threads, up to 4.9 GHz turbo boost)', 8, 16, NULL, 4.90, NULL, 'AMD');

INSERT INTO cpus (id, cpu_model, core_count, thread_count, base_clock_ghz, boost_clock_ghz, cache_mb, brand) 
VALUES ('cpu_38', 'AMD Ryzen AI 9 H 365 (10 nhân 20 luồng, xung nhịp cơ bản ~2GHz, tối đa có thể đạt ~5GHz, 10MB L2 Cache, 24MB L3 Cache, default TDP 28W, 4nm, Zen 5)', 10, 20, 2.00, 5.00, 34.0, 'AMD');

INSERT INTO cpus (id, cpu_model, core_count, thread_count, base_clock_ghz, boost_clock_ghz, cache_mb, brand) 
VALUES ('cpu_39', 'Intel Core Ultra 7 258V 32GB (8nhân (gồm 4 nhân P và 4 nhân E) 8 luồng, xung nhịp cơ bản từ 2.2GHz có thể đạt max P-core với turbo boost tới 4.8GHz, 12 MB Intel® Smart Cache)', 8, 8, 2.20, 4.80, 12.0, 'Intel');

INSERT INTO cpus (id, cpu_model, core_count, thread_count, base_clock_ghz, boost_clock_ghz, cache_mb, brand) 
VALUES ('cpu_40', 'AMD Ryzen™ 5 PRO 7540U Processor (3.20 GHz up to 4.90 GHz Max Boost, 6 Cores, 12 Threads, 16 MB Cache)', 6, 12, 3.20, 4.90, 16.0, 'AMD');

INSERT INTO cpus (id, cpu_model, core_count, thread_count, base_clock_ghz, boost_clock_ghz, cache_mb, brand) 
VALUES ('cpu_41', 'Intel® Core™ Ultra 9 285H (16 nhân, 16 luồng, xung nhịp có thể đạt tới 5.4GHz với turbo boost, 24 MB Intel® Smart Cache) Intel AI Boost', 16, 16, NULL, 5.40, 24.0, 'Intel');

INSERT INTO cpus (id, cpu_model, core_count, thread_count, base_clock_ghz, boost_clock_ghz, cache_mb, brand) 
VALUES ('cpu_42', 'Intel® Core™ Ultra 9 285H (16 nhân, 16 luồng, xung nhịp có thể đạt tới 5.4GHz với turbo boost, 24 MB Intel® Smart Cache) Intel AI Boost', 16, 16, NULL, 5.40, 24.0, 'Intel');

INSERT INTO cpus (id, cpu_model, core_count, thread_count, base_clock_ghz, boost_clock_ghz, cache_mb, brand) 
VALUES ('cpu_43', 'Intel Core Ultra 9 288V (8nhân (gồm 4 nhân P và 4 nhân E) 8 luồng, xung nhịp cơ bản từ 3.3GHz có thể đạt max P-core với turbo boost tới 5.1GHz, 12 MB Intel® Smart Cache)', 8, 8, 3.30, 5.10, 12.0, 'Intel');

INSERT INTO cpus (id, cpu_model, core_count, thread_count, base_clock_ghz, boost_clock_ghz, cache_mb, brand) 
VALUES ('cpu_44', 'Ryzen 7 8745H (8 cores x 16 threads, up to 4.9 GHz turbo boost)', 8, 16, NULL, 4.90, NULL, 'AMD');

INSERT INTO cpus (id, cpu_model, core_count, thread_count, base_clock_ghz, boost_clock_ghz, cache_mb, brand) 
VALUES ('cpu_45', 'AMD Ryzen 9 7945HX (16 nhân 32 luồng, xung nhịp cơ bản 2.5GHz có thể đạt tới 5.4GHz đơn nhân với turbo boost, 16MB L2 Cache, 64MB L3 Cache, default TDP 55W-110w)', 16, 32, 2.50, 5.40, 80.0, 'AMD');

INSERT INTO cpus (id, cpu_model, core_count, thread_count, base_clock_ghz, boost_clock_ghz, cache_mb, brand) 
VALUES ('cpu_46', 'Intel® Core™ Ultra 7 255H (16 nhân 16 luồng, xung nhịp tối đa có thể đạt P-core 5.1GHz / E-core 4.4GHz, 24 MB Intel®) Intel AI Boost', 16, 16, NULL, 5.10, 24.0, 'Intel');

INSERT INTO cpus (id, cpu_model, core_count, thread_count, base_clock_ghz, boost_clock_ghz, cache_mb, brand) 
VALUES ('cpu_47', 'AMD Ryzen 9 7945HX (16 nhân 32 luồng, xung nhịp cơ bản 2.5GHz có thể đạt tới 5.4GHz đơn nhân với turbo boost, 16MB L2 Cache, 64MB L3 Cache, default TDP 55W-110w)', 16, 32, 2.50, 5.40, 80.0, 'AMD');

INSERT INTO cpus (id, cpu_model, core_count, thread_count, base_clock_ghz, boost_clock_ghz, cache_mb, brand) 
VALUES ('cpu_48', 'Intel® Core™ Ultra 9 285H (16 nhân, 16 luồng, xung nhịp có thể đạt tới 5.4GHz với turbo boost, 24 MB Intel® Smart Cache) Intel AI Boost', 16, 16, NULL, 5.40, 24.0, 'Intel');

INSERT INTO cpus (id, cpu_model, core_count, thread_count, base_clock_ghz, boost_clock_ghz, cache_mb, brand) 
VALUES ('cpu_49', 'Intel Core Ultra 5-225H (14 nhân 14 luồng, xung nhịp tối đa với Turbo Boost tới 4.9GHz, 18 MB Cache), chuẩn Intel Evo', 14, 14, NULL, 4.90, 18.0, 'Intel');

INSERT INTO cpus (id, cpu_model, core_count, thread_count, base_clock_ghz, boost_clock_ghz, cache_mb, brand) 
VALUES ('cpu_50', 'Intel Core Ultra 5-225H (14 nhân 14 luồng, xung nhịp tối đa với Turbo Boost tới 4.9GHz, 18 MB Cache), chuẩn Intel Evo', 14, 14, NULL, 4.90, 18.0, 'Intel');

INSERT INTO cpus (id, cpu_model, core_count, thread_count, base_clock_ghz, boost_clock_ghz, cache_mb, brand) 
VALUES ('cpu_51', 'Intel® Core™ Ultra 9 285H (16 nhân, 16 luồng, xung nhịp có thể đạt tới 5.4GHz với turbo boost, 24 MB Intel® Smart Cache) Intel AI Boost', 16, 16, NULL, 5.40, 24.0, 'Intel');

INSERT INTO cpus (id, cpu_model, core_count, thread_count, base_clock_ghz, boost_clock_ghz, cache_mb, brand) 
VALUES ('cpu_52', 'Intel® Core™ Ultra 9 285H (16 nhân, 16 luồng, xung nhịp có thể đạt tới 5.4GHz với turbo boost, 24 MB Intel® Smart Cache) Intel AI Boost', 16, 16, NULL, 5.40, 24.0, 'Intel');

INSERT INTO cpus (id, cpu_model, core_count, thread_count, base_clock_ghz, boost_clock_ghz, cache_mb, brand) 
VALUES ('cpu_53', 'AMD Ryzen AI 9 H 365 (10 nhân 20 luồng, xung nhịp cơ bản ~2GHz, tối đa có thể đạt ~5GHz, 10MB L2 Cache, 24MB L3 Cache, default TDP 28W, 4nm, Zen 5)', 10, 20, 2.00, 5.00, 34.0, 'AMD');

INSERT INTO cpus (id, cpu_model, core_count, thread_count, base_clock_ghz, boost_clock_ghz, cache_mb, brand) 
VALUES ('cpu_54', 'AMD Ryzen AI 7 H 350 (8 nhân 16 luồng, xung nhịp cơ bản ~2GHz, tối đa có thể đạt ~5GHz, 8MB L2 Cache, 16MB L3 Cache, default TDP 28W, 4nm, Zen 5)', 8, 16, 2.00, 5.00, 24.0, 'AMD');

-- Enhanced CPU DML statements for CPUs 55-60 with extracted specifications

INSERT INTO cpus (id, cpu_model, core_count, thread_count, base_clock_ghz, boost_clock_ghz, cache_mb, brand) 
VALUES ('cpu_55', 'AMD Ryzen AI 7 H 350 (8 nhân 16 luồng, xung nhịp cơ bản ~2GHz, tối đa có thể đạt ~5GHz, 8MB L2 Cache, 16MB L3 Cache, default TDP 28W, 4nm, Zen 5)', 8, 16, 2.00, 5.00, 24.0, 'AMD');

INSERT INTO cpus (id, cpu_model, core_count, thread_count, base_clock_ghz, boost_clock_ghz, cache_mb, brand) 
VALUES ('cpu_56', 'Intel® Core™ Ultra 9 285H (16 nhân, 16 luồng, xung nhịp có thể đạt tới 5.4GHz với turbo boost, 24 MB Intel® Smart Cache, Default TDP 45W) Intel AI Boost', 16, 16, NULL, 5.40, 24.0, 'Intel');

INSERT INTO cpus (id, cpu_model, core_count, thread_count, base_clock_ghz, boost_clock_ghz, cache_mb, brand) 
VALUES ('cpu_57', 'Intel® Core™ Ultra 5 225H (14 nhân 14 luồng, xung nhịp tối đa có thể đạt P-core 4.9GHz / E-core 4.3GHz, 18 MB Intel® Smart Cache) Intel AI Boost', 14, 14, NULL, 4.90, 18.0, 'Intel');

INSERT INTO cpus (id, cpu_model, core_count, thread_count, base_clock_ghz, boost_clock_ghz, cache_mb, brand) 
VALUES ('cpu_58', 'Intel® Core™ Ultra 7 255H (16 nhân 16 luồng, xung nhịp tối đa có thể đạt P-core 5.1GHz / E-core 4.4GHz, 24 MB Intel®) Intel AI Boost', 16, 16, NULL, 5.10, 24.0, 'Intel');

INSERT INTO cpus (id, cpu_model, core_count, thread_count, base_clock_ghz, boost_clock_ghz, cache_mb, brand) 
VALUES ('cpu_59', 'Intel® Core™ Ultra 5 225H (14 nhân 14 luồng, xung nhịp tối đa có thể đạt P-core 4.9GHz / E-core 4.3GHz, 18 MB Intel® Smart Cache) Intel AI Boost', 14, 14, NULL, 4.90, 18.0, 'Intel');

INSERT INTO cpus (id, cpu_model, core_count, thread_count, base_clock_ghz, boost_clock_ghz, cache_mb, brand) 
VALUES ('cpu_60', 'Intel® Core™ Ultra 5 225H (14 nhân 14 luồng, xung nhịp tối đa có thể đạt P-core 4.9GHz / E-core 4.3GHz, 18 MB Intel® Smart Cache) Intel AI Boost', 14, 14, NULL, 4.90, 18.0, 'Intel');

-- Enhanced RAM DML statements with extracted specifications

INSERT INTO rams (id, ram_size_gb, ram_type, upgradeable, speed_mhz) 
VALUES ('ram_1', 24, 'DDR5', true, 4800);

INSERT INTO rams (id, ram_size_gb, ram_type, upgradeable, speed_mhz) 
VALUES ('ram_2', 24, 'DDR5', true, 4800);

INSERT INTO rams (id, ram_size_gb, ram_type, upgradeable, speed_mhz) 
VALUES ('ram_3', 32, 'DDR5', true, 5600);

INSERT INTO rams (id, ram_size_gb, ram_type, upgradeable, speed_mhz) 
VALUES ('ram_4', 32, 'LPDDR5x', false, 7500);

INSERT INTO rams (id, ram_size_gb, ram_type, upgradeable, speed_mhz) 
VALUES ('ram_5', 32, 'LPDDR5x', false, 7500);

INSERT INTO rams (id, ram_size_gb, ram_type, upgradeable, speed_mhz) 
VALUES ('ram_6', 32, 'LPDDR5X', false, 8400);

INSERT INTO rams (id, ram_size_gb, ram_type, upgradeable, speed_mhz) 
VALUES ('ram_7', 32, 'DDR5', true, 5600);

INSERT INTO rams (id, ram_size_gb, ram_type, upgradeable, speed_mhz) 
VALUES ('ram_8', 32, 'DDR5', true, 5600);

INSERT INTO rams (id, ram_size_gb, ram_type, upgradeable, speed_mhz) 
VALUES ('ram_9', 32, 'DDR5', true, 5200);

INSERT INTO rams (id, ram_size_gb, ram_type, upgradeable, speed_mhz) 
VALUES ('ram_10', 16, 'DDR5', true, 5200);

INSERT INTO rams (id, ram_size_gb, ram_type, upgradeable, speed_mhz) 
VALUES ('ram_11', 16, 'DDR5', true, 5200);

INSERT INTO rams (id, ram_size_gb, ram_type, upgradeable, speed_mhz) 
VALUES ('ram_12', 16, 'DDR5', true, 5600);

INSERT INTO rams (id, ram_size_gb, ram_type, upgradeable, speed_mhz) 
VALUES ('ram_13', 32, 'DDR5', true, 5600);

INSERT INTO rams (id, ram_size_gb, ram_type, upgradeable, speed_mhz) 
VALUES ('ram_14', 32, 'DDR5', true, 5600);

INSERT INTO rams (id, ram_size_gb, ram_type, upgradeable, speed_mhz) 
VALUES ('ram_15', 32, 'DDR5', true, 5600);

INSERT INTO rams (id, ram_size_gb, ram_type, upgradeable, speed_mhz) 
VALUES ('ram_16', 32, 'DDR5', true, 5600);

INSERT INTO rams (id, ram_size_gb, ram_type, upgradeable, speed_mhz) 
VALUES ('ram_17', 32, 'DDR5', true, 5600);

INSERT INTO rams (id, ram_size_gb, ram_type, upgradeable, speed_mhz) 
VALUES ('ram_18', 32, 'DDR5', true, 6400);

INSERT INTO rams (id, ram_size_gb, ram_type, upgradeable, speed_mhz) 
VALUES ('ram_19', 32, 'DDR5', true, 5600);

INSERT INTO rams (id, ram_size_gb, ram_type, upgradeable, speed_mhz) 
VALUES ('ram_20', 16, 'DDR5', true, 5600);

INSERT INTO rams (id, ram_size_gb, ram_type, upgradeable, speed_mhz) 
VALUES ('ram_21', 24, 'DDR5', true, NULL);

INSERT INTO rams (id, ram_size_gb, ram_type, upgradeable, speed_mhz) 
VALUES ('ram_22', 24, 'DDR5', true, 5600);

INSERT INTO rams (id, ram_size_gb, ram_type, upgradeable, speed_mhz) 
VALUES ('ram_23', 16, 'DDR5', true, 5200);

INSERT INTO rams (id, ram_size_gb, ram_type, upgradeable, speed_mhz) 
VALUES ('ram_24', 16, 'DDR5', true, 5200);

INSERT INTO rams (id, ram_size_gb, ram_type, upgradeable, speed_mhz) 
VALUES ('ram_25', 16, 'DDR5', NULL, NULL);

INSERT INTO rams (id, ram_size_gb, ram_type, upgradeable, speed_mhz) 
VALUES ('ram_26', 16, 'DDR5', NULL, NULL);

INSERT INTO rams (id, ram_size_gb, ram_type, upgradeable, speed_mhz) 
VALUES ('ram_27', 32, 'DDR5', true, 5200);

INSERT INTO rams (id, ram_size_gb, ram_type, upgradeable, speed_mhz) 
VALUES ('ram_28', 32, 'DDR5', true, 5200);

INSERT INTO rams (id, ram_size_gb, ram_type, upgradeable, speed_mhz) 
VALUES ('ram_29', 32, 'DDR5', true, 6400);

INSERT INTO rams (id, ram_size_gb, ram_type, upgradeable, speed_mhz) 
VALUES ('ram_30', 32, 'DDR5', true, 6400);

INSERT INTO rams (id, ram_size_gb, ram_type, upgradeable, speed_mhz) 
VALUES ('ram_31', 32, 'DDR5', true, 5600);

INSERT INTO rams (id, ram_size_gb, ram_type, upgradeable, speed_mhz) 
VALUES ('ram_32', 32, 'LPDDR5x', false, 8533);

INSERT INTO rams (id, ram_size_gb, ram_type, upgradeable, speed_mhz) 
VALUES ('ram_33', 32, 'LPDDR5x', false, 8533);

INSERT INTO rams (id, ram_size_gb, ram_type, upgradeable, speed_mhz) 
VALUES ('ram_34', 32, 'LPDDR5x', false, 8533);

INSERT INTO rams (id, ram_size_gb, ram_type, upgradeable, speed_mhz) 
VALUES ('ram_35', 32, 'DDR5', true, 6400);

INSERT INTO rams (id, ram_size_gb, ram_type, upgradeable, speed_mhz) 
VALUES ('ram_36', 32, 'DDR5', true, 6400);

INSERT INTO rams (id, ram_size_gb, ram_type, upgradeable, speed_mhz) 
VALUES ('ram_37', 16, 'DDR5', true, 5600);

INSERT INTO rams (id, ram_size_gb, ram_type, upgradeable, speed_mhz) 
VALUES ('ram_38', 32, 'LPDDR5x', false, 8000);

INSERT INTO rams (id, ram_size_gb, ram_type, upgradeable, speed_mhz) 
VALUES ('ram_39', 32, 'LPDDR5x', false, 8533);

INSERT INTO rams (id, ram_size_gb, ram_type, upgradeable, speed_mhz) 
VALUES ('ram_40', 32, 'LPDDR5x', false, 6400);

INSERT INTO rams (id, ram_size_gb, ram_type, upgradeable, speed_mhz) 
VALUES ('ram_41', 32, 'DDR5', true, 5600);

INSERT INTO rams (id, ram_size_gb, ram_type, upgradeable, speed_mhz) 
VALUES ('ram_42', 32, 'LPDDR5x', false, 8533);

INSERT INTO rams (id, ram_size_gb, ram_type, upgradeable, speed_mhz) 
VALUES ('ram_43', 32, 'LPDDR5x', false, 8533);

INSERT INTO rams (id, ram_size_gb, ram_type, upgradeable, speed_mhz) 
VALUES ('ram_44', 16, 'LPDDR5X', false, 6400);

INSERT INTO rams (id, ram_size_gb, ram_type, upgradeable, speed_mhz) 
VALUES ('ram_45', 16, 'DDR5', true, 5200);

INSERT INTO rams (id, ram_size_gb, ram_type, upgradeable, speed_mhz) 
VALUES ('ram_46', 32, 'DDR5', NULL, 5600);

INSERT INTO rams (id, ram_size_gb, ram_type, upgradeable, speed_mhz) 
VALUES ('ram_47', 16, 'DDR5', true, 5200);

INSERT INTO rams (id, ram_size_gb, ram_type, upgradeable, speed_mhz) 
VALUES ('ram_48', 32, 'LPDDR5x', false, 8400);

INSERT INTO rams (id, ram_size_gb, ram_type, upgradeable, speed_mhz) 
VALUES ('ram_49', 32, 'LPDDR5x', false, 8400);

INSERT INTO rams (id, ram_size_gb, ram_type, upgradeable, speed_mhz) 
VALUES ('ram_50', 32, 'LPDDR5x', false, 8400);

INSERT INTO rams (id, ram_size_gb, ram_type, upgradeable, speed_mhz) 
VALUES ('ram_51', 32, 'LPDDR5x', false, 8400);

INSERT INTO rams (id, ram_size_gb, ram_type, upgradeable, speed_mhz) 
VALUES ('ram_52', 32, 'LPDDR5x', false, 8400);

INSERT INTO rams (id, ram_size_gb, ram_type, upgradeable, speed_mhz) 
VALUES ('ram_53', 32, 'LPDDR5x', false, 8000);

INSERT INTO rams (id, ram_size_gb, ram_type, upgradeable, speed_mhz) 
VALUES ('ram_54', 32, 'LPDDR5x', false, 8000);

INSERT INTO rams (id, ram_size_gb, ram_type, upgradeable, speed_mhz) 
VALUES ('ram_55', 32, 'LPDDR5x', false, 8000);

INSERT INTO rams (id, ram_size_gb, ram_type, upgradeable, speed_mhz) 
VALUES ('ram_56', 32, 'LPDDR5x', false, 8533);

INSERT INTO rams (id, ram_size_gb, ram_type, upgradeable, speed_mhz) 
VALUES ('ram_57', 32, 'LPDDR5x', false, 8533);

INSERT INTO rams (id, ram_size_gb, ram_type, upgradeable, speed_mhz) 
VALUES ('ram_58', 32, 'LPDDR5x', false, 8533);

INSERT INTO rams (id, ram_size_gb, ram_type, upgradeable, speed_mhz) 
VALUES ('ram_59', 32, 'DDR5', NULL, 5600);

INSERT INTO rams (id, ram_size_gb, ram_type, upgradeable, speed_mhz) 
VALUES ('ram_60', 32, 'LPDDR5x', false, 8533);

-- Enhanced Storage DML statements with extracted specifications

INSERT INTO storages (id, storage_size_gb, storage_type, interface) 
VALUES ('storage_1', 1000, 'SSD', 'PCIe 4.0 x4 NVMe M.2 2242');

INSERT INTO storages (id, storage_size_gb, storage_type, interface) 
VALUES ('storage_2', 1000, 'SSD', 'PCIe 4.0 x4 NVMe M.2 2242');

INSERT INTO storages (id, storage_size_gb, storage_type, interface) 
VALUES ('storage_3', 1000, 'SSD', 'PCIe 4.0 x4 NVMe M.2 2242');

INSERT INTO storages (id, storage_size_gb, storage_type, interface) 
VALUES ('storage_4', 1000, 'SSD', 'PCIe NVMe M.2');

INSERT INTO storages (id, storage_size_gb, storage_type, interface) 
VALUES ('storage_5', 1000, 'SSD', 'PCIe NVMe M.2');

INSERT INTO storages (id, storage_size_gb, storage_type, interface) 
VALUES ('storage_6', 1000, 'SSD', 'PCIe Gen 4');

INSERT INTO storages (id, storage_size_gb, storage_type, interface) 
VALUES ('storage_7', 1000, 'SSD', 'PCIe 4.0 x4 NVMe');

INSERT INTO storages (id, storage_size_gb, storage_type, interface) 
VALUES ('storage_8', 1000, 'SSD', 'PCIe NVMe M.2');

INSERT INTO storages (id, storage_size_gb, storage_type, interface) 
VALUES ('storage_9', 1000, 'SSD', 'PCIe 4.0 x4 NVMe');

INSERT INTO storages (id, storage_size_gb, storage_type, interface) 
VALUES ('storage_10', 1000, 'SSD', 'PCIe 4.0 x4 NVMe');

INSERT INTO storages (id, storage_size_gb, storage_type, interface) 
VALUES ('storage_11', 1000, 'SSD', 'PCIe 4.0 x4 NVMe');

INSERT INTO storages (id, storage_size_gb, storage_type, interface) 
VALUES ('storage_12', 1000, 'SSD', 'PCIe 4.0 x4 NVMe');

INSERT INTO storages (id, storage_size_gb, storage_type, interface) 
VALUES ('storage_13', 1000, 'SSD', 'PCIe 4.0 x4 NVMe');

INSERT INTO storages (id, storage_size_gb, storage_type, interface) 
VALUES ('storage_14', 1000, 'SSD', 'PCIe 4.0 x4 NVMe');

INSERT INTO storages (id, storage_size_gb, storage_type, interface) 
VALUES ('storage_15', 1000, 'SSD', 'PCIe 4.0 x4 NVMe');

INSERT INTO storages (id, storage_size_gb, storage_type, interface) 
VALUES ('storage_16', 1000, 'SSD', 'PCIe 4.0 x4 NVMe');

INSERT INTO storages (id, storage_size_gb, storage_type, interface) 
VALUES ('storage_17', 1000, 'SSD', 'PCIe Gen4 NVMe TLC M.2');

INSERT INTO storages (id, storage_size_gb, storage_type, interface) 
VALUES ('storage_18', 1000, 'SSD', 'PCIe 4.0 x4 NVMe (Gen4 + Gen5 slots)');

INSERT INTO storages (id, storage_size_gb, storage_type, interface) 
VALUES ('storage_19', 1000, 'SSD', 'PCIe 4.0 x4 NVMe M.2 2242');

INSERT INTO storages (id, storage_size_gb, storage_type, interface) 
VALUES ('storage_20', 512, 'SSD', 'PCIe 4.0 x4 NVMe');

INSERT INTO storages (id, storage_size_gb, storage_type, interface) 
VALUES ('storage_21', 1000, 'SSD', 'PCIe 4.0 x4 NVMe');

INSERT INTO storages (id, storage_size_gb, storage_type, interface) 
VALUES ('storage_22', 512, 'SSD', 'PCIe 4.0 x4 NVMe');

INSERT INTO storages (id, storage_size_gb, storage_type, interface) 
VALUES ('storage_23', 1000, 'SSD', 'PCIe 4.0 x4 NVMe');

INSERT INTO storages (id, storage_size_gb, storage_type, interface) 
VALUES ('storage_24', 1000, 'SSD', 'PCIe 4.0 x4 NVMe');

INSERT INTO storages (id, storage_size_gb, storage_type, interface) 
VALUES ('storage_25', 1000, 'SSD', 'PCIe 4.0 x4 NVMe');

INSERT INTO storages (id, storage_size_gb, storage_type, interface) 
VALUES ('storage_26', 1000, 'SSD', 'PCIe 4.0 x4 NVMe');

INSERT INTO storages (id, storage_size_gb, storage_type, interface) 
VALUES ('storage_27', 1000, 'SSD', 'PCIe 4.0 x4 NVMe');

INSERT INTO storages (id, storage_size_gb, storage_type, interface) 
VALUES ('storage_28', 1000, 'SSD', 'PCIe 4.0 x4 NVMe');

INSERT INTO storages (id, storage_size_gb, storage_type, interface) 
VALUES ('storage_29', 1000, 'SSD', 'PCIe 4.0 x4 NVMe');

INSERT INTO storages (id, storage_size_gb, storage_type, interface) 
VALUES ('storage_30', 1000, 'SSD', 'PCIe 4.0 x4 NVMe');

INSERT INTO storages (id, storage_size_gb, storage_type, interface) 
VALUES ('storage_31', 1000, 'SSD', 'PCIe Gen4 NVMe TLC M.2');

INSERT INTO storages (id, storage_size_gb, storage_type, interface) 
VALUES ('storage_32', 1000, 'SSD', 'PCIe 4.0 x4 NVMe M.2 2242');

INSERT INTO storages (id, storage_size_gb, storage_type, interface) 
VALUES ('storage_33', 2000, 'SSD', 'PCIe NVMe M.2 Gen 4');

INSERT INTO storages (id, storage_size_gb, storage_type, interface) 
VALUES ('storage_34', 1000, 'SSD', 'PCIe NVMe M.2 Gen 4');

INSERT INTO storages (id, storage_size_gb, storage_type, interface) 
VALUES ('storage_35', 1000, 'SSD', 'PCIe 4.0 x4 NVMe (Gen4 + Gen5 slots)');

INSERT INTO storages (id, storage_size_gb, storage_type, interface) 
VALUES ('storage_36', 1000, 'SSD', 'PCIe 4.0 x4 NVMe (Gen4 + Gen5 slots)');

INSERT INTO storages (id, storage_size_gb, storage_type, interface) 
VALUES ('storage_37', 512, 'SSD', 'PCIe NVMe M.2 (2 slots)');

INSERT INTO storages (id, storage_size_gb, storage_type, interface) 
VALUES ('storage_38', 1000, 'SSD', 'PCIe 4.0 x4 NVMe M.2 2242');

INSERT INTO storages (id, storage_size_gb, storage_type, interface) 
VALUES ('storage_39', 1000, 'SSD', 'PCIe NVMe M.2 Gen 4');

INSERT INTO storages (id, storage_size_gb, storage_type, interface) 
VALUES ('storage_40', 512, 'SSD', 'PCIe Gen4 NVMe M.2');

INSERT INTO storages (id, storage_size_gb, storage_type, interface) 
VALUES ('storage_41', 1000, 'SSD', 'PCIe NVMe M.2');

INSERT INTO storages (id, storage_size_gb, storage_type, interface) 
VALUES ('storage_42', 1000, 'SSD', 'PCIe NVMe M.2');

INSERT INTO storages (id, storage_size_gb, storage_type, interface) 
VALUES ('storage_43', 2000, 'SSD', 'PCIe NVMe M.2 Gen 4');

INSERT INTO storages (id, storage_size_gb, storage_type, interface) 
VALUES ('storage_44', 512, 'SSD', 'PCIe NVMe M.2');

INSERT INTO storages (id, storage_size_gb, storage_type, interface) 
VALUES ('storage_45', 1000, 'SSD', 'PCIe NVMe M.2 Gen 4');

INSERT INTO storages (id, storage_size_gb, storage_type, interface) 
VALUES ('storage_46', 1000, 'SSD', 'PCIe NVMe M.2 Gen 4');

INSERT INTO storages (id, storage_size_gb, storage_type, interface) 
VALUES ('storage_47', 1000, 'SSD', 'PCIe NVMe M.2 Gen 4');

INSERT INTO storages (id, storage_size_gb, storage_type, interface) 
VALUES ('storage_48', 1000, 'SSD', 'PCIe 4.0 x4 NVMe M.2 2242');

INSERT INTO storages (id, storage_size_gb, storage_type, interface) 
VALUES ('storage_49', 1000, 'SSD', 'PCIe 4.0 x4 NVMe M.2 2242');

INSERT INTO storages (id, storage_size_gb, storage_type, interface) 
VALUES ('storage_50', 1000, 'SSD', 'PCIe 4.0 x4 NVMe M.2 2242');

INSERT INTO storages (id, storage_size_gb, storage_type, interface) 
VALUES ('storage_51', 1000, 'SSD', 'PCIe 4.0 x4 NVMe M.2 2242');

INSERT INTO storages (id, storage_size_gb, storage_type, interface) 
VALUES ('storage_52', 1000, 'SSD', 'PCIe 4.0 x4 NVMe M.2 2242');

INSERT INTO storages (id, storage_size_gb, storage_type, interface) 
VALUES ('storage_53', 1000, 'SSD', 'PCIe 4.0 x4 NVMe M.2 2242');

INSERT INTO storages (id, storage_size_gb, storage_type, interface) 
VALUES ('storage_54', 1000, 'SSD', 'PCIe 4.0 x4 NVMe M.2 2242');

INSERT INTO storages (id, storage_size_gb, storage_type, interface) 
VALUES ('storage_55', 1000, 'SSD', 'PCIe 4.0 x4 NVMe M.2 2242');

INSERT INTO storages (id, storage_size_gb, storage_type, interface) 
VALUES ('storage_56', 1000, 'SSD', 'PCIe 4.0 x4 NVMe M.2 2242');

INSERT INTO storages (id, storage_size_gb, storage_type, interface) 
VALUES ('storage_57', 1000, 'SSD', 'PCIe 4.0 x4 NVMe M.2 2242');

INSERT INTO storages (id, storage_size_gb, storage_type, interface) 
VALUES ('storage_58', 1000, 'SSD', 'PCIe NVMe M.2');

INSERT INTO storages (id, storage_size_gb, storage_type, interface) 
VALUES ('storage_59', 1000, 'SSD', 'PCIe NVMe M.2 Gen 4');

INSERT INTO storages (id, storage_size_gb, storage_type, interface) 
VALUES ('storage_60', 1000, 'SSD', 'PCIe NVMe M.2');

INSERT INTO screens (id, size_inch, resolution, panel_type, refresh_rate_hz, brightness_nits, color_gamut, touch) VALUES ('screen_1', 14.0, '2880x1800', 'OLED', 120.0, 500.0, '99% AdobeRGB, 100% sRGB, 100% DCI-P3', FALSE);
INSERT INTO screens (id, size_inch, resolution, panel_type, refresh_rate_hz, brightness_nits, color_gamut, touch) VALUES ('screen_2', 16.0, '2880x1800', 'OLED', 120.0, 500.0, '99% AdobeRGB, 100% sRGB, 100% DCI-P3', FALSE);
INSERT INTO screens (id, size_inch, resolution, panel_type, refresh_rate_hz, brightness_nits, color_gamut, touch) VALUES ('screen_3', 16.0, '2880x1800', 'OLED', 120.0, 500.0, '99% AdobeRGB, 100% sRGB, 100% DCI-P3', FALSE);
INSERT INTO screens (id, size_inch, resolution, panel_type, refresh_rate_hz, brightness_nits, color_gamut, touch) VALUES ('screen_4', 16.0, '3200x2000', 'IPS', 165.0, 500.0, '100% DCI-P3', FALSE);
INSERT INTO screens (id, size_inch, resolution, panel_type, refresh_rate_hz, brightness_nits, color_gamut, touch) VALUES ('screen_5', 14.5, '3072x1920', 'IPS', 120.0, 500.0, '100% DCI-P3', FALSE);
INSERT INTO screens (id, size_inch, resolution, panel_type, refresh_rate_hz, brightness_nits, color_gamut, touch) VALUES ('screen_6', 14.0, '2880x1800', 'OLED', 120.0, 400.0, '100% DCI-P3', FALSE);
INSERT INTO screens (id, size_inch, resolution, panel_type, refresh_rate_hz, brightness_nits, color_gamut, touch) VALUES ('screen_7', 16.0, '2560x1600', 'IPS', 240.0, 500.0, '100% DCI-P3', FALSE);
INSERT INTO screens (id, size_inch, resolution, panel_type, refresh_rate_hz, brightness_nits, color_gamut, touch) VALUES ('screen_8', 16.0, '3200x2000', 'IPS', 165.0, 500.0, '100% DCI-P3', FALSE);
INSERT INTO screens (id, size_inch, resolution, panel_type, refresh_rate_hz, brightness_nits, color_gamut, touch) VALUES ('screen_9', 16.0, '2560x1600', 'IPS', 240.0, 500.0, '100% DCI-P3', FALSE);
INSERT INTO screens (id, size_inch, resolution, panel_type, refresh_rate_hz, brightness_nits, color_gamut, touch) VALUES ('screen_10', 16.0, '2560x1600', 'IPS', 240.0, 500.0, '100% DCI-P3', FALSE);
INSERT INTO screens (id, size_inch, resolution, panel_type, refresh_rate_hz, brightness_nits, color_gamut, touch) VALUES ('screen_11', 16.0, '2560x1600', 'IPS', 165.0, 350.0, '100% sRGB', FALSE);
INSERT INTO screens (id, size_inch, resolution, panel_type, refresh_rate_hz, brightness_nits, color_gamut, touch) VALUES ('screen_12', 16.0, '2560x1600', 'IPS', 240.0, 500.0, '100% DCI-P3', FALSE);
INSERT INTO screens (id, size_inch, resolution, panel_type, refresh_rate_hz, brightness_nits, color_gamut, touch) VALUES ('screen_13', 16.0, '3200x2000', 'IPS', 165.0, 500.0, '100% DCI-P3', FALSE);
INSERT INTO screens (id, size_inch, resolution, panel_type, refresh_rate_hz, brightness_nits, color_gamut, touch) VALUES ('screen_14', 16.0, '2560x1600', 'IPS', 240.0, 500.0, '100% DCI-P3', FALSE);
INSERT INTO screens (id, size_inch, resolution, panel_type, refresh_rate_hz, brightness_nits, color_gamut, touch) VALUES ('screen_15', 16.0, '3200x2000', 'IPS', 165.0, 500.0, '100% DCI-P3', FALSE);
INSERT INTO screens (id, size_inch, resolution, panel_type, refresh_rate_hz, brightness_nits, color_gamut, touch) VALUES ('screen_16', 16.0, '2560x1600', 'IPS', 240.0, 500.0, '100% DCI-P3', FALSE);
INSERT INTO screens (id, size_inch, resolution, panel_type, refresh_rate_hz, brightness_nits, color_gamut, touch) VALUES ('screen_17', 14.5, NULL, 'IPS', 120.0, 500.0, '100% DCI-P3', FALSE);
INSERT INTO screens (id, size_inch, resolution, panel_type, refresh_rate_hz, brightness_nits, color_gamut, touch) VALUES ('screen_18', 16.0, '2560x1600', 'OLED', 240.0, 1100.0, '100% DCI-P3', FALSE);
INSERT INTO screens (id, size_inch, resolution, panel_type, refresh_rate_hz, brightness_nits, color_gamut, touch) VALUES ('screen_19', 14.0, '2880x1800', 'OLED', 120.0, 1100.0, '99% AdobeRGB, 100% sRGB, 100% DCI-P3', FALSE);
INSERT INTO screens (id, size_inch, resolution, panel_type, refresh_rate_hz, brightness_nits, color_gamut, touch) VALUES ('screen_20', 15.3, '2560x1600', 'IPS', 180.0, 400.0, '100% sRGB', FALSE);
INSERT INTO screens (id, size_inch, resolution, panel_type, refresh_rate_hz, brightness_nits, color_gamut, touch) VALUES ('screen_21', 15.3, '1920x1200', 'IPS', 165.0, 300.0, '100%sRGB', FALSE);
INSERT INTO screens (id, size_inch, resolution, panel_type, refresh_rate_hz, brightness_nits, color_gamut, touch) VALUES ('screen_22', 15.3, '2560x1600', 'IPS', 180.0, 400.0, '100% sRGB', FALSE);
INSERT INTO screens (id, size_inch, resolution, panel_type, refresh_rate_hz, brightness_nits, color_gamut, touch) VALUES ('screen_23', 16.0, '2560x1600', 'IPS', 240.0, 500.0, '100% DCI-P3', FALSE);
INSERT INTO screens (id, size_inch, resolution, panel_type, refresh_rate_hz, brightness_nits, color_gamut, touch) VALUES ('screen_24', 16.0, '2560x1600', 'IPS', 240.0, 500.0, '100% DCI-P3', FALSE);
INSERT INTO screens (id, size_inch, resolution, panel_type, refresh_rate_hz, brightness_nits, color_gamut, touch) VALUES ('screen_25', 16.0, '2560x1600', 'IPS', 240.0, 500.0, '100% DCI-P3', FALSE);
INSERT INTO screens (id, size_inch, resolution, panel_type, refresh_rate_hz, brightness_nits, color_gamut, touch) VALUES ('screen_26', 16.0, '2560x1600', 'IPS', 240.0, 500.0, '100% DCI-P3', FALSE);
INSERT INTO screens (id, size_inch, resolution, panel_type, refresh_rate_hz, brightness_nits, color_gamut, touch) VALUES ('screen_27', 16.0, '2560x1600', 'IPS', 240.0, 500.0, '100% DCI-P3', FALSE);
INSERT INTO screens (id, size_inch, resolution, panel_type, refresh_rate_hz, brightness_nits, color_gamut, touch) VALUES ('screen_28', 16.0, '2560x1600', 'IPS', 240.0, 500.0, '100% DCI-P3', FALSE);
INSERT INTO screens (id, size_inch, resolution, panel_type, refresh_rate_hz, brightness_nits, color_gamut, touch) VALUES ('screen_29', 16.0, '2560x1600', 'OLED', 240.0, 1100.0, '100% DCI-P3', FALSE);
INSERT INTO screens (id, size_inch, resolution, panel_type, refresh_rate_hz, brightness_nits, color_gamut, touch) VALUES ('screen_30', 16.0, '2560x1600', 'OLED', 240.0, 1100.0, '100% DCI-P3', FALSE);
INSERT INTO screens (id, size_inch, resolution, panel_type, refresh_rate_hz, brightness_nits, color_gamut, touch) VALUES ('screen_31', 14.5, NULL, 'IPS', 120.0, 500.0, '100% DCI-P3', FALSE);
INSERT INTO screens (id, size_inch, resolution, panel_type, refresh_rate_hz, brightness_nits, color_gamut, touch) VALUES ('screen_32', 14.0, '2880x1800', 'OLED', 120.0, 1100.0, NULL, FALSE);
INSERT INTO screens (id, size_inch, resolution, panel_type, refresh_rate_hz, brightness_nits, color_gamut, touch) VALUES ('screen_33', 14.0, '2880x1800', 'OLED', 120.0, 500.0, '100% DCI-P3', TRUE);
INSERT INTO screens (id, size_inch, resolution, panel_type, refresh_rate_hz, brightness_nits, color_gamut, touch) VALUES ('screen_34', 14.0, '2880x1800', 'OLED', 120.0, 500.0, '100% DCI-P3', TRUE);
INSERT INTO screens (id, size_inch, resolution, panel_type, refresh_rate_hz, brightness_nits, color_gamut, touch) VALUES ('screen_35', 16.0, '2560x1600', 'OLED', 240.0, 1100.0, '100% DCI-P3', FALSE);
INSERT INTO screens (id, size_inch, resolution, panel_type, refresh_rate_hz, brightness_nits, color_gamut, touch) VALUES ('screen_36', 16.0, '2560x1600', 'OLED', 240.0, 1100.0, '100% DCI-P3', FALSE);
INSERT INTO screens (id, size_inch, resolution, panel_type, refresh_rate_hz, brightness_nits, color_gamut, touch) VALUES ('screen_37', 15.1, '2560x1600', 'OLED', 165.0, 500.0, '100% DCI-P3', FALSE);
INSERT INTO screens (id, size_inch, resolution, panel_type, refresh_rate_hz, brightness_nits, color_gamut, touch) VALUES ('screen_38', 14.0, '2880x1800', 'OLED', 120.0, 1100.0, NULL, FALSE);
INSERT INTO screens (id, size_inch, resolution, panel_type, refresh_rate_hz, brightness_nits, color_gamut, touch) VALUES ('screen_39', 15.3, '2880x1800', 'OLED', 120.0, 500.0, '100% DCI-P3', TRUE);
INSERT INTO screens (id, size_inch, resolution, panel_type, refresh_rate_hz, brightness_nits, color_gamut, touch) VALUES ('screen_40', 14.0, '1920x1200', 'IPS', NULL, 300.0, '45% NTSC', FALSE);
INSERT INTO screens (id, size_inch, resolution, panel_type, refresh_rate_hz, brightness_nits, color_gamut, touch) VALUES ('screen_41', 16.0, '3200x2000', 'IPS', 165.0, 500.0, '100% DCI-P3', FALSE);
INSERT INTO screens (id, size_inch, resolution, panel_type, refresh_rate_hz, brightness_nits, color_gamut, touch) VALUES ('screen_42', 14.5, '3072x1920', 'IPS', 120.0, 500.0, '100% DCI-P3', FALSE);
INSERT INTO screens (id, size_inch, resolution, panel_type, refresh_rate_hz, brightness_nits, color_gamut, touch) VALUES ('screen_43', 15.3, '2880x1800', 'OLED', 120.0, 500.0, '100% DCI-P3', TRUE);
INSERT INTO screens (id, size_inch, resolution, panel_type, refresh_rate_hz, brightness_nits, color_gamut, touch) VALUES ('screen_44', 16.0, '1920x1200', 'IPS', 60.0, 300.0, '100%sRGB', FALSE);
INSERT INTO screens (id, size_inch, resolution, panel_type, refresh_rate_hz, brightness_nits, color_gamut, touch) VALUES ('screen_45', 16.0, '2560x1600', 'IPS', 240.0, 500.0, '100% DCI-P3', FALSE);
INSERT INTO screens (id, size_inch, resolution, panel_type, refresh_rate_hz, brightness_nits, color_gamut, touch) VALUES ('screen_46', 16.0, '3200x2000', 'IPS', 165.0, 500.0, '100% DCI-P3', FALSE);
INSERT INTO screens (id, size_inch, resolution, panel_type, refresh_rate_hz, brightness_nits, color_gamut, touch) VALUES ('screen_47', 16.0, '2560x1600', 'IPS', 240.0, 500.0, '100% DCI-P3', FALSE);
INSERT INTO screens (id, size_inch, resolution, panel_type, refresh_rate_hz, brightness_nits, color_gamut, touch) VALUES ('screen_48', 13.5, '2880x1920', 'IPS', 120.0, 500.0, '100%sRGB', TRUE);
INSERT INTO screens (id, size_inch, resolution, panel_type, refresh_rate_hz, brightness_nits, color_gamut, touch) VALUES ('screen_49', 13.5, '2880x1920', 'IPS', 120.0, 500.0, '100%sRGB', FALSE);
INSERT INTO screens (id, size_inch, resolution, panel_type, refresh_rate_hz, brightness_nits, color_gamut, touch) VALUES ('screen_50', 13.5, '2880x1920', 'IPS', 120.0, 500.0, '100%sRGB', TRUE);
INSERT INTO screens (id, size_inch, resolution, panel_type, refresh_rate_hz, brightness_nits, color_gamut, touch) VALUES ('screen_51', 13.5, '2880x1920', 'IPS', 120.0, 500.0, '100%sRGB', FALSE);
INSERT INTO screens (id, size_inch, resolution, panel_type, refresh_rate_hz, brightness_nits, color_gamut, touch) VALUES ('screen_52', 13.5, '2880x1920', 'IPS', 120.0, 500.0, '100%sRGB', TRUE);
INSERT INTO screens (id, size_inch, resolution, panel_type, refresh_rate_hz, brightness_nits, color_gamut, touch) VALUES ('screen_53', 16.0, '2880x1800', 'OLED', 120.0, 1100.0, NULL, FALSE);
INSERT INTO screens (id, size_inch, resolution, panel_type, refresh_rate_hz, brightness_nits, color_gamut, touch) VALUES ('screen_54', 16.0, '2880x1800', 'OLED', 120.0, 1100.0, NULL, FALSE);
INSERT INTO screens (id, size_inch, resolution, panel_type, refresh_rate_hz, brightness_nits, color_gamut, touch) VALUES ('screen_55', 14.0, '2880x1800', 'OLED', 120.0, 1100.0, NULL, FALSE);
INSERT INTO screens (id, size_inch, resolution, panel_type, refresh_rate_hz, brightness_nits, color_gamut, touch) VALUES ('screen_56', 16.0, '2880x1800', 'OLED', 120.0, 1100.0, NULL, FALSE);
INSERT INTO screens (id, size_inch, resolution, panel_type, refresh_rate_hz, brightness_nits, color_gamut, touch) VALUES ('screen_57', 16.0, '2880x1800', 'OLED', 120.0, 1100.0, NULL, FALSE);
INSERT INTO screens (id, size_inch, resolution, panel_type, refresh_rate_hz, brightness_nits, color_gamut, touch) VALUES ('screen_58', 14.5, '3072x1920', 'IPS', 120.0, 500.0, '100% DCI-P3', FALSE);
INSERT INTO screens (id, size_inch, resolution, panel_type, refresh_rate_hz, brightness_nits, color_gamut, touch) VALUES ('screen_59', 16.0, '3200x2000', 'IPS', 165.0, 500.0, '100% DCI-P3', FALSE);
INSERT INTO screens (id, size_inch, resolution, panel_type, refresh_rate_hz, brightness_nits, color_gamut, touch) VALUES ('screen_60', 14.5, '3072x1920', 'IPS', 120.0, 500.0, '100% DCI-P3', FALSE);

INSERT INTO laptops (id, title, url, price, brand, weight_kg, cpu_id, ram_id, storage_id, screen_id, description, image_url, scraped_at) VALUES (1, 'Xiaoxin Pro 14c 2025 (Ryzen 7 H 255| 24GB RAM| 1TB SSD)(Lenovo IdeaPad Slim 5)', 'https://sazo.vn/products/xiaoxin-pro-14c-2025-ryzen-7-h-255-24gb-ram-1tb-ssdlenovo-ideapad-slim-5', 18490000, 'Lenovo', 1.39, 'cpu_1', 'ram_1', 'storage_1', 'screen_1', NULL, NULL, '2025-08-01 18:50:56');
INSERT INTO laptops (id, title, url, price, brand, weight_kg, cpu_id, ram_id, storage_id, screen_id, description, image_url, scraped_at) VALUES (2, 'Xiaoxin Pro 16c 2025 (Ryzen 7 H 255| 24GB RAM| 1TB SSD)(Lenovo IdeaPad Slim 5)', 'https://sazo.vn/products/xiaoxin-pro-16c-2025-ryzen-7-h-255-24gb-ram-1tb-ssdlenovo-ideapad-slim-5', 18600000, 'Lenovo', 1.76, 'cpu_2', 'ram_2', 'storage_2', 'screen_2', NULL, NULL, '2025-08-01 18:50:58');
INSERT INTO laptops (id, title, url, price, brand, weight_kg, cpu_id, ram_id, storage_id, screen_id, description, image_url, scraped_at) VALUES (3, 'Xiaoxin Pro 16c 2025 (AI 7 H 350| 32GB RAM| 1TB SSD)(Lenovo IdeaPad Slim 5)', 'https://sazo.vn/products/xiaoxin-pro-16c-2025-ai-7-h-350-32gb-ram-1tb-ssdlenovo-ideapad-slim-5', 22490000, 'Lenovo', 1.76, 'cpu_3', 'ram_3', 'storage_3', 'screen_3', NULL, NULL, '2025-08-01 18:51:00');
INSERT INTO laptops (id, title, url, price, brand, weight_kg, cpu_id, ram_id, storage_id, screen_id, description, image_url, scraped_at) VALUES (4, 'Thinkbook 16 G7+ 2025 (R7 H 260| 32GB RAM| 1TB SSD)', 'https://sazo.vn/products/thinkbook-16-g7-2025-ai-7-h-260-32gb-ram-1tb-ssd', 21390000, 'Lenovo', 1.9, 'cpu_4', 'ram_4', 'storage_4', 'screen_4', NULL, NULL, '2025-08-01 18:51:01');
INSERT INTO laptops (id, title, url, price, brand, weight_kg, cpu_id, ram_id, storage_id, screen_id, description, image_url, scraped_at) VALUES (5, 'Thinkbook 14 G7+ 2025 (R7 H 260| 32GB RAM| 1TB SSD)', 'https://sazo.vn/products/thinkbook-14-g7-2025-ai-7-h-260-32gb-ram-1tb-ssd', 20490000, 'Lenovo', 1.5, 'cpu_5', 'ram_5', 'storage_5', 'screen_5', NULL, NULL, '2025-08-01 18:51:03');
INSERT INTO laptops (id, title, url, price, brand, weight_kg, cpu_id, ram_id, storage_id, screen_id, description, image_url, scraped_at) VALUES (6, 'Thinkpad X1 Carbon Gen 13 (Ultra 5-225H| 32GB RAM| 1TB SSD)(Aura Edition)', 'https://sazo.vn/products/thinkpad-x1-carbon-gen-13-ultra-5-225h-32gb-ram-1tb-ssdaura-edition', 44500000, 'Lenovo', 1.09, 'cpu_6', 'ram_6', 'storage_6', 'screen_6', NULL, NULL, '2025-08-01 18:51:05');
INSERT INTO laptops (id, title, url, price, brand, weight_kg, cpu_id, ram_id, storage_id, screen_id, description, image_url, scraped_at) VALUES (7, 'ThinkBook 16P 2025 2.5k (Ultra 7-255HX| 32GB RAM| 1TB SSD| RTX 5060)', 'https://sazo.vn/products/thinkbook-16p-2025-25k-ultra-7-255hx-32gb-ram-1tb-ssd-rtx-5060', 40000000, 'Lenovo', 2.2, 'cpu_7', 'ram_7', 'storage_7', 'screen_7', NULL, NULL, '2025-08-01 18:51:07');
INSERT INTO laptops (id, title, url, price, brand, weight_kg, cpu_id, ram_id, storage_id, screen_id, description, image_url, scraped_at) VALUES (8, 'Thinkbook 16 G7+ 2025 (Ultra 9-285H| 32GB RAM| 1TB SSD| RTX 5060)', 'https://sazo.vn/products/thinkbook-16-g7-2025-ultra-9-285h-32gb-ram-1tb-ssd-rtx-5060', 38000000, 'Lenovo', 1.9, 'cpu_8', 'ram_8', 'storage_8', 'screen_8', NULL, NULL, '2025-08-01 18:51:09');
INSERT INTO laptops (id, title, url, price, brand, weight_kg, cpu_id, ram_id, storage_id, screen_id, description, image_url, scraped_at) VALUES (9, 'ThinkBook 16P 2025 2.5k 240Hz (R9-8945HX| 32GB RAM| 1TB SSD| RTX 5060)', 'https://sazo.vn/products/thinkbook-16p-2025-25k-240hz-r9-8945hx-32gb-ram-1tb-ssd-rtx-5060', 36900000, 'Lenovo', 2.2, 'cpu_9', 'ram_9', 'storage_9', 'screen_9', NULL, NULL, '2025-08-01 18:51:10');
INSERT INTO laptops (id, title, url, price, brand, weight_kg, cpu_id, ram_id, storage_id, screen_id, description, image_url, scraped_at) VALUES (10, 'ThinkBook 16P 2025 2.5k 240Hz (R9-8945HX| 16GB RAM| 1TB SSD| RTX 5060)', 'https://sazo.vn/products/thinkbook-16p-2025-25k-240hz-r9-8945hx-16gb-ram-1tb-ssd-rtx-5060', 35690000, 'Lenovo', 2.2, 'cpu_10', 'ram_10', 'storage_10', 'screen_10', NULL, NULL, '2025-08-01 18:51:12');
INSERT INTO laptops (id, title, url, price, brand, weight_kg, cpu_id, ram_id, storage_id, screen_id, description, image_url, scraped_at) VALUES (11, 'ThinkBook 16P 2025 2.5k 165Hz (R9-8945HX| 16GB RAM| 1TB SSD| RTX 5060)', 'https://sazo.vn/products/thinkbook-16p-2025-25k-165hz-r9-8945hx-16gb-ram-1tb-ssd-rtx-5060', 32500000, 'Lenovo', 2.2, 'cpu_11', 'ram_11', 'storage_11', 'screen_11', NULL, NULL, '2025-08-01 18:51:14');
INSERT INTO laptops (id, title, url, price, brand, weight_kg, cpu_id, ram_id, storage_id, screen_id, description, image_url, scraped_at) VALUES (12, 'ThinkBook 16P 2025 2.5k (Ultra 7-255HX| 16GB RAM| 1TB SSD| RTX 5060)', 'https://sazo.vn/products/thinkbook-16p-2025-25k-ultra-7-255hx-16gb-ram-1tb-ssd-rtx-5060', 38500000, 'Lenovo', 2.2, 'cpu_12', 'ram_12', 'storage_12', 'screen_12', NULL, NULL, '2025-08-01 18:51:16');
INSERT INTO laptops (id, title, url, price, brand, weight_kg, cpu_id, ram_id, storage_id, screen_id, description, image_url, scraped_at) VALUES (13, 'ThinkBook 16P 2025 3.2k (Ultra 9-275HX| 32GB RAM| 1TB SSD| RTX 5070)', 'https://sazo.vn/products/thinkbook-16p-2025-32k-ultra-9-275hx-32gb-ram-1tb-ssd-rtx-5070', 53500000, 'Lenovo', 2.2, 'cpu_13', 'ram_13', 'storage_13', 'screen_13', NULL, NULL, '2025-08-01 18:51:21');
INSERT INTO laptops (id, title, url, price, brand, weight_kg, cpu_id, ram_id, storage_id, screen_id, description, image_url, scraped_at) VALUES (14, 'ThinkBook 16P 2025 2.5k (Ultra 9-275HX| 32GB RAM| 1TB SSD| RTX 5070)', 'https://sazo.vn/products/thinkbook-16p-2025-25k-ultra-9-275hx-32gb-ram-1tb-ssd-rtx-5070', 52500000, 'Lenovo', 2.2, 'cpu_14', 'ram_14', 'storage_14', 'screen_14', NULL, NULL, '2025-08-01 18:51:21');
INSERT INTO laptops (id, title, url, price, brand, weight_kg, cpu_id, ram_id, storage_id, screen_id, description, image_url, scraped_at) VALUES (15, 'ThinkBook 16P 2025 3.2k (Ultra 9-275HX| 32GB RAM| 1TB SSD| RTX 5060)', 'https://sazo.vn/products/thinkbook-16p-2025-32k-ultra-9-275hx-32gb-ram-1tb-ssd-rtx-5060', 48000000, 'Lenovo', 2.2, 'cpu_15', 'ram_15', 'storage_15', 'screen_15', NULL, NULL, '2025-08-01 18:51:23');
INSERT INTO laptops (id, title, url, price, brand, weight_kg, cpu_id, ram_id, storage_id, screen_id, description, image_url, scraped_at) VALUES (16, 'ThinkBook 16P 2025 2.5k (Ultra 9-275HX| 32GB RAM| 1TB SSD| RTX 5060)', 'https://sazo.vn/products/thinkbook-16p-2025-25k-ultra-9-275hx-32gb-ram-1tb-ssd-rtx-5060', 46000000, 'Lenovo', 2.2, 'cpu_16', 'ram_16', 'storage_16', 'screen_16', NULL, NULL, '2025-08-01 18:51:25');
INSERT INTO laptops (id, title, url, price, brand, weight_kg, cpu_id, ram_id, storage_id, screen_id, description, image_url, scraped_at) VALUES (17, 'ThinkPad T14P AI 2025 (Ultra 9-285H| 32GB RAM| 1TB SSD)', 'https://sazo.vn/products/thinkpad-t14p-ai-2025-ultra-9-285h-32gb-ram-1tb-ssd', 34000000, 'Lenovo', 1.56, 'cpu_17', 'ram_17', 'storage_17', 'screen_17', NULL, NULL, '2025-08-01 18:51:26');
INSERT INTO laptops (id, title, url, price, brand, weight_kg, cpu_id, ram_id, storage_id, screen_id, description, image_url, scraped_at) VALUES (18, 'Legion Pro 7i 2025 Y9000P (Ultra 9-275HX| 32GB RAM| 1TB SSD| RTX 5070Ti)', 'https://sazo.vn/products/legion-pro-7i-2025-y9000p-ultra-9-275hx-32gb-ram-1tb-ssd-rtx-5070ti', 65000000, 'Lenovo', 2.57, 'cpu_18', 'ram_18', 'storage_18', 'screen_18', NULL, NULL, '2025-08-01 18:51:28');
INSERT INTO laptops (id, title, url, price, brand, weight_kg, cpu_id, ram_id, storage_id, screen_id, description, image_url, scraped_at) VALUES (19, 'Xiaoxin Pro 14c 2025 (AI 7 H 350| 32GB RAM| 1TB SSD)(Lenovo IdeaPad Slim 5)', 'https://sazo.vn/products/xiaoxin-pro-14c-2025-ai-7-h-350-32gb-ram-1tb-ssdlenovo-ideapad-slim-5', 21490000, 'Lenovo', 1.39, 'cpu_19', 'ram_19', 'storage_19', 'screen_19', NULL, NULL, '2025-08-01 18:51:30');
INSERT INTO laptops (id, title, url, price, brand, weight_kg, cpu_id, ram_id, storage_id, screen_id, description, image_url, scraped_at) VALUES (20, 'Legion 5 2025 R7000 2.5K (Ryzen 7 H 255| 16GB RAM| 512GB SSD| RTX 5060)', 'https://sazo.vn/products/legion-5-2025-r7000-25k-ryzen-7-h-255-16gb-ram-512gb-ssd-rtx-5060', 27690000, 'Lenovo', 2.0, 'cpu_20', 'ram_20', 'storage_20', 'screen_20', NULL, NULL, '2025-08-01 18:51:32');
INSERT INTO laptops (id, title, url, price, brand, weight_kg, cpu_id, ram_id, storage_id, screen_id, description, image_url, scraped_at) VALUES (21, 'Legion 5 2025 Y7000 FHD (I7-13650HX| 24GB RAM| 1TB SSD| RTX 5060)', 'https://sazo.vn/products/legion-5-2025-y7000-fhd-i7-13650hx-24gb-ram-1tb-ssd-rtx-5060', 28900000, 'Lenovo', 2.0, 'cpu_21', 'ram_21', 'storage_21', 'screen_21', NULL, NULL, '2025-08-01 18:51:34');
INSERT INTO laptops (id, title, url, price, brand, weight_kg, cpu_id, ram_id, storage_id, screen_id, description, image_url, scraped_at) VALUES (22, 'Legion 5 2025 Y7000 2.5K (I7-14650HX| 16/24GB RAM| 512GB SSD| RTX 5060)', 'https://sazo.vn/products/legion-5-2025-y7000-25k-i7-14650hx-1624gb-ram-512gb-ssd-rtx-5060', 29290000, 'Lenovo', 2.0, 'cpu_22', 'ram_22', 'storage_22', 'screen_22', NULL, NULL, '2025-08-01 18:51:35');
INSERT INTO laptops (id, title, url, price, brand, weight_kg, cpu_id, ram_id, storage_id, screen_id, description, image_url, scraped_at) VALUES (23, 'Legion 5 2025 R7000P (R9-8940HX| 16GB RAM| 1TB SSD| RTX 5060)', 'https://sazo.vn/products/legion-5-2025-r7000p-r9-8940hx-16gb-ram-1tb-ssd-rtx-5060', 30400000, 'Lenovo', 2.5, 'cpu_23', 'ram_23', 'storage_23', 'screen_23', NULL, NULL, '2025-08-01 18:51:37');
INSERT INTO laptops (id, title, url, price, brand, weight_kg, cpu_id, ram_id, storage_id, screen_id, description, image_url, scraped_at) VALUES (24, 'Legion 5 2025 R7000P (R9-8945HX| 16GB RAM| 1TB SSD| RTX 5060/5070)', 'https://sazo.vn/products/legion-5-2025-r7000p-r9-8945hx-16gb-ram-1tb-ssd-rtx-50605070', 30900000, 'Lenovo', 2.5, 'cpu_24', 'ram_24', 'storage_24', 'screen_24', NULL, NULL, '2025-08-01 18:51:39');
INSERT INTO laptops (id, title, url, price, brand, weight_kg, cpu_id, ram_id, storage_id, screen_id, description, image_url, scraped_at) VALUES (25, 'Legion 5 2025 Y7000P (I7-14650HX| 16GB RAM| 1TB SSD| RTX 5060)', 'https://sazo.vn/products/legion-5-2025-y7000p-i7-14650hx-16gb-ram-1tb-ssd-rtx-5060', 33790000, 'Lenovo', NULL, 'cpu_25', 'ram_25', 'storage_25', 'screen_25', NULL, NULL, '2025-08-01 18:51:44');
INSERT INTO laptops (id, title, url, price, brand, weight_kg, cpu_id, ram_id, storage_id, screen_id, description, image_url, scraped_at) VALUES (26, 'Legion 5 2025 Y7000P (I9-14900HX| 16GB RAM| 1TB SSD| RTX 5060/5070)', 'https://sazo.vn/products/legion-5-2025-y7000p-i9-14900hx-16gb-ram-1tb-ssd-rtx-50605070', 34190000, 'Lenovo', NULL, 'cpu_26', 'ram_26', 'storage_26', 'screen_26', NULL, NULL, '2025-08-01 18:51:45');
INSERT INTO laptops (id, title, url, price, brand, weight_kg, cpu_id, ram_id, storage_id, screen_id, description, image_url, scraped_at) VALUES (27, 'Legion Pro 5 2025 R9000P (White)(R9-8945HX| 32GB RAM| 1TB SSD| RTX 5060/5070)', 'https://sazo.vn/products/legion-pro-5-2025-r9000p-whiter9-8945hx-32gb-ram-1tb-ssd-rtx-50605070', 36400000, 'Lenovo', 2.57, 'cpu_27', 'ram_27', 'storage_27', 'screen_27', NULL, NULL, '2025-08-01 18:51:47');
INSERT INTO laptops (id, title, url, price, brand, weight_kg, cpu_id, ram_id, storage_id, screen_id, description, image_url, scraped_at) VALUES (28, 'Legion Pro 5 2025 R9000P (Black)(R9-8945HX| 32GB RAM| 1TB SSD| RTX 5060/5070)', 'https://sazo.vn/products/legion-pro-5-2025-r9000p-blackr9-8945hx-32gb-ram-1tb-ssd-rtx-50605070', 34700000, 'Lenovo', 2.57, 'cpu_28', 'ram_28', 'storage_28', 'screen_28', NULL, NULL, '2025-08-01 18:51:49');
INSERT INTO laptops (id, title, url, price, brand, weight_kg, cpu_id, ram_id, storage_id, screen_id, description, image_url, scraped_at) VALUES (29, 'Legion Pro 5 2025 Y9000P (White)(Ultra 9-275HX| 32GB RAM| 1TB SSD| RTX 5060/5070)', 'https://sazo.vn/products/legion-pro-5-2025-y9000p-whiteultra-9-275hx-32gb-ram-1tb-ssd-rtx-50605070', 46900000, 'Lenovo', 2.57, 'cpu_29', 'ram_29', 'storage_29', 'screen_29', NULL, NULL, '2025-08-01 18:51:51');
INSERT INTO laptops (id, title, url, price, brand, weight_kg, cpu_id, ram_id, storage_id, screen_id, description, image_url, scraped_at) VALUES (30, 'Legion Pro 5 2025 Y9000P (Black)(Ultra 9-275HX| 32GB RAM| 1TB SSD| RTX 5060/5070)', 'https://sazo.vn/products/legion-pro-5-2025-y9000p-blackultra-9-275hx-32gb-ram-1tb-ssd-rtx-50605070', 42600000, 'Lenovo', 2.57, 'cpu_30', 'ram_30', 'storage_30', 'screen_30', NULL, NULL, '2025-08-01 18:51:50');
INSERT INTO laptops (id, title, url, price, brand, weight_kg, cpu_id, ram_id, storage_id, screen_id, description, image_url, scraped_at) VALUES (31, 'ThinkPad T14P AI 2025 (Ultra 5-225H| 32GB RAM| 1TB SSD)', 'https://sazo.vn/products/thinkpad-t14p-ai-2025-ultra-5-225h-32gb-ram-1tb-ssd', 28500000, 'Lenovo', 1.56, 'cpu_31', 'ram_31', 'storage_31', 'screen_31', NULL, NULL, '2025-08-01 18:51:52');
INSERT INTO laptops (id, title, url, price, brand, weight_kg, cpu_id, ram_id, storage_id, screen_id, description, image_url, scraped_at) VALUES (32, 'Xiaoxin Pro 14 GT 2025 (Ultra 9-285H| 32GB RAM| 1TB SSD)(Lenovo IdeaPad 5 Pro)', 'https://sazo.vn/products/xiaoxin-pro-14-gt-2025-ultra-9-285h-32gb-ram-1tb-ssdlenovo-ideapad-5-pro', 27690000, 'Lenovo', 1.39, 'cpu_32', 'ram_32', 'storage_32', 'screen_32', NULL, NULL, '2025-08-01 18:51:53');
INSERT INTO laptops (id, title, url, price, brand, weight_kg, cpu_id, ram_id, storage_id, screen_id, description, image_url, scraped_at) VALUES (33, 'ThinkPad X9-14 2025 Touch (Ultra 9-288V| 32GB RAM| 2TB SSD) Aura Edition', 'https://sazo.vn/products/thinkpad-x9-14-2025-touch-ultra-9-288v-32gb-ram-2tb-ssd-aura-edition', 53400000, 'Lenovo', 1.21, 'cpu_33', 'ram_33', 'storage_33', 'screen_33', NULL, NULL, '2025-08-01 18:51:55');
INSERT INTO laptops (id, title, url, price, brand, weight_kg, cpu_id, ram_id, storage_id, screen_id, description, image_url, scraped_at) VALUES (34, 'ThinkPad X9-14 2025 Touch (Ultra 7-258V| 32GB RAM| 1TB SSD) Aura Edition', 'https://sazo.vn/products/thinkpad-x9-14-2025-touch-ultra-7-258v-32gb-ram-1tb-ssd-aura-edition', 43000000, 'Lenovo', 1.21, 'cpu_34', 'ram_34', 'storage_34', 'screen_34', NULL, NULL, '2025-08-01 18:51:57');
INSERT INTO laptops (id, title, url, price, brand, weight_kg, cpu_id, ram_id, storage_id, screen_id, description, image_url, scraped_at) VALUES (35, 'Legion Pro 7i 2025 Y9000P (Black)(Ultra 9-275HX| 32GB RAM| 1TB SSD| RTX 5080)', 'https://sazo.vn/products/legion-pro-7i-2025-y9000pblackultra-9-275hx-32gb-ram-1tb-ssd-rtx-5080', 71500000, 'Lenovo', 2.57, 'cpu_35', 'ram_35', 'storage_35', 'screen_35', NULL, NULL, '2025-08-01 18:51:59');
INSERT INTO laptops (id, title, url, price, brand, weight_kg, cpu_id, ram_id, storage_id, screen_id, description, image_url, scraped_at) VALUES (36, 'Legion Pro 7i 2025 Y9000P (White)(Ultra 9-275HX| 32GB RAM| 1TB SSD| RTX 5080)', 'https://sazo.vn/products/legion-pro-7i-2025-y9000pwhiteultra-9-275hx-32gb-ram-1tb-ssd-rtx-5080', 73000000, 'Lenovo', 2.57, 'cpu_36', 'ram_36', 'storage_36', 'screen_36', NULL, NULL, '2025-08-01 18:52:01');
INSERT INTO laptops (id, title, url, price, brand, weight_kg, cpu_id, ram_id, storage_id, screen_id, description, image_url, scraped_at) VALUES (37, 'Xiaoxin 15c 2025 (Lenovo IdeaPad Slim 3) R7-8745HS 16GB RAM 512GB SSD', 'https://sazo.vn/products/xiaoxin-15c-2025-lenovo-ideapad-slim-3-r7-8745hs-16gb-ram-512gb-ssd', 15800000, 'Lenovo', 1.49, 'cpu_37', 'ram_37', 'storage_37', 'screen_37', NULL, NULL, '2025-08-01 18:52:05');
INSERT INTO laptops (id, title, url, price, brand, weight_kg, cpu_id, ram_id, storage_id, screen_id, description, image_url, scraped_at) VALUES (38, 'Xiaoxin Pro 14 GT 2025 (AI 9 H 365| 32GB RAM| 1TB SSD)(IdeaPad 5 Pro)', 'https://sazo.vn/products/xiaoxin-pro-14-gt-2025-ai-9-h-365-32gb-ram-1tb-ssdideapad-5-pro', 26390000, 'Lenovo', 1.39, 'cpu_38', 'ram_38', 'storage_38', 'screen_38', NULL, NULL, '2025-08-01 18:52:07');
INSERT INTO laptops (id, title, url, price, brand, weight_kg, cpu_id, ram_id, storage_id, screen_id, description, image_url, scraped_at) VALUES (39, 'ThinkPad X9-15 2025 Touch (Ultra 7-258V| 32GB RAM| 1TB SSD) Aura Edition', 'https://sazo.vn/products/thinkpad-x9-15-2025-touch-ultra-7-258v-32gb-ram-1tb-ssd-aura-edition', 43000000, 'Lenovo', 1.4, 'cpu_39', 'ram_39', 'storage_39', 'screen_39', NULL, NULL, '2025-08-01 18:52:09');
INSERT INTO laptops (id, title, url, price, brand, weight_kg, cpu_id, ram_id, storage_id, screen_id, description, image_url, scraped_at) VALUES (40, 'ThinkPad T14 Gen 4 (R5-7540U| 32GB RAM| 512GB SSD)', 'https://sazo.vn/products/thinkpad-t14-gen-4-r5-7540u-32gb-ram-1tb-ssd', 18700000, 'Lenovo', 1.35, 'cpu_40', 'ram_40', 'storage_40', 'screen_40', NULL, NULL, '2025-08-01 18:52:11');
INSERT INTO laptops (id, title, url, price, brand, weight_kg, cpu_id, ram_id, storage_id, screen_id, description, image_url, scraped_at) VALUES (41, 'Thinkbook 16 G7+ 2025 (Ultra 9-285H| 32GB RAM| 1TB SSD)', 'https://sazo.vn/products/thinkbook-16-g7-2025-ultra-9-285h-32gb-ram-1tb-ssd', 27990000, 'Lenovo', 1.9, 'cpu_41', 'ram_41', 'storage_41', 'screen_41', NULL, NULL, '2025-08-01 18:52:13');
INSERT INTO laptops (id, title, url, price, brand, weight_kg, cpu_id, ram_id, storage_id, screen_id, description, image_url, scraped_at) VALUES (42, 'Thinkbook 14 G7+ 2025 (Ultra 9-285H| 32GB RAM| 1TB SSD)', 'https://sazo.vn/products/thinkbook-14-g7-2025-ultra-9-285h-32gb-ram-1tb-ssd', 27890000, 'Lenovo', 1.5, 'cpu_42', 'ram_42', 'storage_42', 'screen_42', NULL, NULL, '2025-08-01 18:52:15');
INSERT INTO laptops (id, title, url, price, brand, weight_kg, cpu_id, ram_id, storage_id, screen_id, description, image_url, scraped_at) VALUES (43, 'ThinkPad X9-15 2025 Touch (Ultra 9-288V| 32GB RAM| 2TB SSD) Aura Edition', 'https://sazo.vn/products/thinkpad-x9-15-2025-touch-ultra-9-288v-32gb-ram-2tb-ssd', 54500000, 'Lenovo', 1.4, 'cpu_43', 'ram_43', 'storage_43', 'screen_43', NULL, NULL, '2025-08-01 18:52:16');
INSERT INTO laptops (id, title, url, price, brand, weight_kg, cpu_id, ram_id, storage_id, screen_id, description, image_url, scraped_at) VALUES (44, 'AI Xiaoxin 16 2024 R7-8745H 16GB RAM 512GB SSD(Lenovo IdeaPad Slim 5)', 'https://sazo.vn/products/ai-xiaoxin-16-2024-r7-8745h-16gb-ram-512gb-ssdlenovo-ideapad-slim-5', 14490000, 'Lenovo', 1.89, 'cpu_44', 'ram_44', 'storage_44', 'screen_44', NULL, NULL, '2025-08-01 18:52:18');
INSERT INTO laptops (id, title, url, price, brand, weight_kg, cpu_id, ram_id, storage_id, screen_id, description, image_url, scraped_at) VALUES (45, 'Legion 5 Pro 2024 R9000P ARX8 Ryzen 9 7945HX 16GB RAM 1TB SSD RTX4070', 'https://sazo.vn/products/legion-5-pro-2024-r9000p-arx8-ryzen-9-7945hx-16gb-ram-1tb-ssd-rtx4070', 35200000, 'Lenovo', 2.55, 'cpu_45', 'ram_45', 'storage_45', 'screen_45', NULL, NULL, '2025-08-01 18:52:20');
INSERT INTO laptops (id, title, url, price, brand, weight_kg, cpu_id, ram_id, storage_id, screen_id, description, image_url, scraped_at) VALUES (46, 'Thinkbook 16 G7+ 2025 (Ultra 7-255H| 32GB RAM| 1TB SSD)', 'https://sazo.vn/products/thinkbook-16-g7-2025-ultra-7-255h-32gb-ram-1tb-ssd', 26490000, 'Lenovo', 1.9, 'cpu_46', 'ram_46', 'storage_46', 'screen_46', NULL, NULL, '2025-08-01 18:52:22');
INSERT INTO laptops (id, title, url, price, brand, weight_kg, cpu_id, ram_id, storage_id, screen_id, description, image_url, scraped_at) VALUES (47, 'Legion 5 Pro 2024 R9000P ARX8 Ryzen 9 7945HX 16GB RAM 1TB SSD RTX4060 Trắng', 'https://sazo.vn/products/legion-5-pro-2024-r9000p-arx8-ryzen-9-7945hx-16gb-ram-1tb-ssd-rtx4060-trang', 32500000, 'Lenovo', 2.55, 'cpu_47', 'ram_47', 'storage_47', 'screen_47', NULL, NULL, '2025-08-01 18:52:22');
INSERT INTO laptops (id, title, url, price, brand, weight_kg, cpu_id, ram_id, storage_id, screen_id, description, image_url, scraped_at) VALUES (48, 'Thinkbook X AI 2025 Limited (Ultra 9-285H| 32GB RAM| 1TB SSD) Stainless Magnesium Edition', 'https://sazo.vn/products/thinkbook-x-ai-2025-limited-ultra-9-285h-32gb-ram-1tb-ssd-stainless-magnesium-edition', 36690000, 'Lenovo', 1.0, 'cpu_48', 'ram_48', 'storage_48', 'screen_48', NULL, NULL, '2025-08-01 18:52:24');
INSERT INTO laptops (id, title, url, price, brand, weight_kg, cpu_id, ram_id, storage_id, screen_id, description, image_url, scraped_at) VALUES (49, 'Thinkbook X AI 2025 - Không Touch (Ultra 5-225H| 32GB RAM| 1TB SSD)', 'https://sazo.vn/products/thinkbook-x-ai-2025-khong-touch-ultra-5-225h-32gb-ram-1tb-ssd', 26790000, 'Lenovo', 1.2, 'cpu_49', 'ram_49', 'storage_49', 'screen_49', NULL, NULL, '2025-08-01 18:52:28');
INSERT INTO laptops (id, title, url, price, brand, weight_kg, cpu_id, ram_id, storage_id, screen_id, description, image_url, scraped_at) VALUES (50, 'Thinkbook X AI 2025 - Touch (Ultra 5-225H| 32GB RAM| 1TB SSD)', 'https://sazo.vn/products/thinkbook-x-ai-2025-touch-ultra-5-225h-32gb-ram-1tb-ssd', 27190000, 'Lenovo', 1.2, 'cpu_50', 'ram_50', 'storage_50', 'screen_50', NULL, NULL, '2025-08-01 18:52:30');
INSERT INTO laptops (id, title, url, price, brand, weight_kg, cpu_id, ram_id, storage_id, screen_id, description, image_url, scraped_at) VALUES (51, 'Thinkbook X AI 2025 - Không Touch (Ultra 9-285H| 32GB RAM| 1TB SSD)', 'https://sazo.vn/products/thinkbook-x-ai-2025-khong-touch-ultra-9-285h-32gb-ram-1tb-ssd', 29390000, 'Lenovo', 1.2, 'cpu_51', 'ram_51', 'storage_51', 'screen_51', NULL, NULL, '2025-08-01 18:52:32');
INSERT INTO laptops (id, title, url, price, brand, weight_kg, cpu_id, ram_id, storage_id, screen_id, description, image_url, scraped_at) VALUES (52, 'Thinkbook X AI 2025 - Touch (Ultra 9-285H| 32GB RAM| 1TB SSD)', 'https://sazo.vn/products/thinkbook-x-ai-2025-touch-ultra-9-285h-32gb-ram-1tb-ssd', 31390000, 'Lenovo', 1.2, 'cpu_52', 'ram_52', 'storage_52', 'screen_52', NULL, NULL, '2025-08-01 18:52:34');
INSERT INTO laptops (id, title, url, price, brand, weight_kg, cpu_id, ram_id, storage_id, screen_id, description, image_url, scraped_at) VALUES (53, 'Xiaoxin Pro 16 GT 2025 (AI 9 H 365| 32GB RAM| 1TB SSD)(Lenovo IdeaPad 5 Pro)', 'https://sazo.vn/products/xiaoxin-pro-16-gt-2025-ai-9-h-365-32gb-ram-1tb-ssdlenovo-ideapad-5-pro-1', 27090000, 'Lenovo', 1.7, 'cpu_53', 'ram_53', 'storage_53', 'screen_53', NULL, NULL, '2025-08-01 18:52:35');
INSERT INTO laptops (id, title, url, price, brand, weight_kg, cpu_id, ram_id, storage_id, screen_id, description, image_url, scraped_at) VALUES (54, 'Xiaoxin Pro 16 GT 2025 (AI 7 H 350| 32GB RAM| 1TB SSD)(Lenovo IdeaPad 5 Pro)', 'https://sazo.vn/products/xiaoxin-pro-16-gt-2025-ai-7-h-350-32gb-ram-1tb-ssdlenovo-ideapad-5-pro', 23800000, 'Lenovo', 1.7, 'cpu_54', 'ram_54', 'storage_54', 'screen_54', NULL, NULL, '2025-08-01 18:52:37');
INSERT INTO laptops (id, title, url, price, brand, weight_kg, cpu_id, ram_id, storage_id, screen_id, description, image_url, scraped_at) VALUES (55, 'Xiaoxin Pro 14 GT 2025 (AI 7 H 350| 32GB RAM| 1TB SSD)(Lenovo IdeaPad 5 Pro)', 'https://sazo.vn/products/xiaoxin-pro-14-gt-2025-ai-7-h-350-32gb-ram-1tb-ssdlenovo-ideapad-5-pro', 23690000, 'Lenovo', 1.39, 'cpu_55', 'ram_55', 'storage_55', 'screen_55', NULL, NULL, '2025-08-01 18:52:39');
INSERT INTO laptops (id, title, url, price, brand, weight_kg, cpu_id, ram_id, storage_id, screen_id, description, image_url, scraped_at) VALUES (56, 'Xiaoxin Pro 16 GT 2025 (Ultra 9-285H| 32GB RAM| 1TB SSD)(Lenovo IdeaPad 5 Pro)', 'https://sazo.vn/products/xiaoxin-pro-16-gt-2025-ultra-9-285h-32gb-ram-1tb-ssd-lenovo-ideapad-5-pro', 28390000, 'Lenovo', 1.7, 'cpu_56', 'ram_56', 'storage_56', 'screen_56', NULL, NULL, '2025-08-01 18:52:41');
INSERT INTO laptops (id, title, url, price, brand, weight_kg, cpu_id, ram_id, storage_id, screen_id, description, image_url, scraped_at) VALUES (57, 'Xiaoxin Pro 16 GT 2025 (Ultra 5-225H| 32GB RAM| 1TB SSD)(Lenovo IdeaPad 5 Pro)', 'https://sazo.vn/products/xiaoxin-pro-16-gt-2025-ultra-5-225h-32gb-ram-1tb-ssd-lenovo-ideapad-5-pro', 23700000, 'Lenovo', 1.7, 'cpu_57', 'ram_57', 'storage_57', 'screen_57', NULL, NULL, '2025-08-01 18:52:43');
INSERT INTO laptops (id, title, url, price, brand, weight_kg, cpu_id, ram_id, storage_id, screen_id, description, image_url, scraped_at) VALUES (58, 'Thinkbook 14 G7+ 2025 (Ultra 7-255H| 32GB RAM| 1TB SSD)', 'https://sazo.vn/products/thinkbook-14-g7-2025-ultra-7-255h-32gb-ram-1tb-ssd', 26390000, 'Lenovo', 1.5, 'cpu_58', 'ram_58', 'storage_58', 'screen_58', NULL, NULL, '2025-08-01 18:52:45');
INSERT INTO laptops (id, title, url, price, brand, weight_kg, cpu_id, ram_id, storage_id, screen_id, description, image_url, scraped_at) VALUES (59, 'Thinkbook 16 G7+ 2025 (Ultra 5-225H| 32GB RAM| 1TB SSD)', 'https://sazo.vn/products/thinkbook-16-g7-2025-ultra-5-225h-32gb-ram-1tb-ssd', 22590000, 'Lenovo', 1.9, 'cpu_59', 'ram_59', 'storage_59', 'screen_59', NULL, NULL, '2025-08-01 18:52:47');
INSERT INTO laptops (id, title, url, price, brand, weight_kg, cpu_id, ram_id, storage_id, screen_id, description, image_url, scraped_at) VALUES (60, 'Thinkbook 14 G7+ 2025 (Ultra 5-225H| 32GB RAM| 1TB SSD)', 'https://sazo.vn/products/thinkbook-14-g7-2025-ultra-5-225h-32gb-ram-1tb-ssd', 21590000, 'Lenovo', 1.5, 'cpu_60', 'ram_60', 'storage_60', 'screen_60', NULL, NULL, '2025-08-01 18:52:48');
